dst_fI_Hz,dst_KpDc,dst_KiDc,dvr_KpV,dvr_KiV,cost
1500,1,15,0.2,200,8.63192719622231
1601.59580514915,1.1947658150633,135.898470592066,0.623824126481697,788.183089960185,13.0849865904524
1916.29564523621,0.447042575843983,118.990837848437,0.396408345903666,1874.03962672365,16.4399649154601
1081.80947782589,2.31588724952306,6.74841271067874,0.141180964627467,1952.47093649641,10.1638609884582
1521.65521039533,0.343405812217121,112.653109422195,0.49018411622866,1351.31967830737,15.5118882774598
2285.89390869531,2.39279947709461,53.3319844876781,0.70228328806023,1807.61153490603,9.89410115410694
2292.58617786688,3.31589142855085,84.1900370079938,0.275727179138562,1694.5867251605,10.1852459928937
751.170620927673,1.53673895671028,58.1379661907211,0.199762095538963,768.4282018312,10.228355303934
500,0.2,2,0.57457721923473,20,11.5598110594886
2235.00812167698,0.591004821642827,2,0,1990.95950026202,10.7300448356576
1864.96577513787,5,2,0.776573626396777,105.548115763193,8.75905645090546
500,3.22671792070325,2,0,2000,12.3872550554708
500,0.2,29.6226756536529,0.452899163934123,1594.1065903977,12.5920718554839
1792.45764501139,0.2,104.107678803752,0,800.076560857505,18.446849271944
2051.77236107424,1.50229518063724,94.5829477912608,0.136293483689079,1956.95919187453,10.3792088686422
500,0.2,141.378042951092,0,1189.49560399691,17.0631107921127
1452.24566012661,1.26953994238364,19.7775098406862,0.526308747229968,343.475815658472,8.53658566695649
1667.64475256205,1.66422953507647,8.56239478616076,0.154682529375665,2000,9.89601572350641
1464.46533754797,2.34235190493122,6.26791474209082,0.784888539644372,20,8.32334602525989
1579.83862643038,5,6.2238784975349,0.60976489475547,20,8.75990071018293
1777.02898463557,0.748759256635976,2,0.254540139940862,69.3526724810331,8.78912096960552
1446.9585542821,5,90.1659842725772,0.9,20,10.51951771816
1728.34317591945,1.97599674915008,85.5523962930467,0.9,292.664711259675,8.32647345616029
612.225248790954,2.63897526995258,106.373435413925,0.712331020127942,1149.18597096768,10.3504926689261
2500,3.48093027133985,91.7579038433692,0.9,649.305298000085,9.57781495003579
876.78745808029,3.80022055909612,14.1928815155647,0.723110527073195,1498.49544890282,9.52402693687525
1023.91485619908,0.2,10.9626209583907,0.794034944216726,20,9.21130022286504
2500,4.76868422213003,18.7960800916203,0.9,318.624694362345,9.53804084524697
2500,1.44603385276493,28.4603705749036,0.169190589283897,20,9.02853432212518
1905.19501959115,2.10116077741173,2,0.292032594139622,146.308137478874,8.64024838364592
1372.57107224918,2.49706847451421,75.6187896450111,0.9,20,8.261415078877
1578.94461153261,3.56344705552903,2,0.9,20,8.22784456646413
1028.39067457702,2.25322327874571,2,0.382132613902917,804.333247613506,9.307699774217
500,5,9.81985594974085,0.9,563.969731601645,11.4125508461863
957.016316152,4.44044572663462,5.48560320621111,0.812643410584127,20,8.98810173850614
500,2.54531281312149,16.2839777330523,0.167154912044,226.696177520268,10.903951564376
894.37111411824,4.78308324661262,11.5040877928126,0.685472317232505,31.5623282058344,9.31326553882644
1848.83088293505,0.2,7.9258860783573,0,133.913142353445,9.04305231554276
981.221758211879,3.07024737241475,64.691822332172,0.9,20,8.764483005682
2500,4.58036601966313,2,0.9,20,9.33107680600065
500,0.2,24.3408384359466,0.334787449315297,401.984047883653,11.5434771596243
1177.09384516972,1.53829141934125,22.1157096225136,0.699100396407778,315.572170259211,8.62516206114066
1257.0462166807,4.9295588711957,2,0.810349754905637,20,8.75720547517977
1592.53274798221,1.8008168622012,9.81067809828981,0,20,8.58240717717819
500,5,2,0.9,49.8500446183356,11.1424600975785
1611.00244876503,5,2,0.423326234642032,80.9849711260971,8.84317764445053
1349.54904261128,3.86284962198199,2,0.9,20,8.32993215931809
500,3.67370963638273,2,0.9,20,10.5279869891928
1817.7792579023,0.949409368519501,57.5398465920946,0.9,20,8.43828795086724
2454.16842355781,0.2,30.6605428396579,0.602009077731761,20,10.2990721157411
1924.12658836079,3.70652019003285,3.87557097910369,0.810068507416631,20,8.37330635034249
2500,1.7091629989475,98.6137406922904,0.692491246142782,20,9.56493194029906
1968.4369873977,0.2,66.2873577055277,0.492982065004546,52.9145843486647,14.2870020555603
1414.04134259558,2.17685487956584,34.3774745651592,0.9,39.108198115992,8.24391651517856
1990.03512731996,2.72828890937892,77.7168981142676,0.9,20,8.31915692407935
2500,2.52757980411409,2,0.9,20,9.16980187081185
