scenario,bus,pre_Va_pu,pre_Vb_pu,pre_Vc_pu,Va_pu,Vb_pu,Vc_pu,Vmin_pu,Vmax_pu,VUF_pct,THDv_max_pct,THDi_max_pct
normal,634,0.994722299330572,1.02027441402571,0.996355192702135,0.99472229933399,1.02027441402652,0.996355192702762,0.99472229933399,1.02027441402652,0.623535613013957,0.0477462357454092,0.0120936887241384
normal,632,1.02168223001808,1.04152936701959,1.01742901120938,1.02168223001838,1.04152936701954,1.01742901120928,1.01742901120928,1.04152936701954,0.495159147774858,0.0483384569944297,NaN
normal,671,0.992301458514358,1.04349780822289,0.979613858450639,0.99230145851466,1.04349780822282,0.97961385845057,0.97961385845057,1.04349780822282,1.50086160116353,0.0963391567745907,NaN
fault_LLLG,634,0.994722299330572,1.02027441402571,0.996355192702135,0.607409682929344,0.634259416241376,0.619850176360198,0.607409682929344,0.634259416241376,2.88177844717311,0.0117089783860179,0.00382369611715843
fault_LLLG,632,1.02168223001808,1.04152936701959,1.01742901120938,0.623787127065908,0.647506696727561,0.633019309476521,0.623787127065908,0.647506696727561,3.07012292043725,0.0118411230623617,NaN
fault_LLLG,671,0.992301458514358,1.04349780822289,0.979613858450639,0.209339524674079,0.219630702768915,0.212031932721903,0.209339524674079,0.219630702768915,2.98212371351648,0.0722103640766387,NaN
fault_LG_A,634,0.994722299330572,1.02027441402571,0.996355192702135,0.612933871012064,1.10384630569233,1.09730939550075,0.612933871012064,1.10384630569233,8.92764573735146,0.042247915076518,0.0110384159071688
fault_LG_A,632,1.02168223001808,1.04152936701959,1.01742901120938,0.628822618203847,1.12771137315091,1.12059642521877,0.628822618203847,1.12771137315091,8.80982222074153,0.0427233091898429,NaN
fault_LG_A,671,0.992301458514358,1.04349780822289,0.979613858450639,0.212086628964183,1.22793209875227,1.19378088770749,0.212086628964183,1.22793209875227,19.7071266450582,0.0996324116373034,NaN
fault_LL_BC,634,0.994722315609149,1.02027441215273,0.996355179021536,0.983202237004302,0.730022469935651,0.73982406518661,0.730022469935651,0.983202237004302,24.0912228629007,0.0271557052709742,0.00679803334542415
fault_LL_BC,632,1.02168224679681,1.04152936506806,1.01742899722031,1.00978126235174,0.745144295971399,0.755488310621644,0.745144295971399,1.00978126235174,24.2644549022177,0.0276272617389708,NaN
fault_LL_BC,671,0.99230149253608,1.04349780347197,0.979613830436889,0.975144311045075,0.554874213519655,0.539342384838943,0.539342384838943,0.975144311045075,64.8846222499863,0.0567937640634495,NaN
fault_LLG_BC,634,0.994722299330572,1.02027441402571,0.996355192702135,1.10223068686121,0.61864596463422,0.616823108209618,0.616823108209618,1.10223068686121,21.8409524168394,0.038373702155942,0.00947402289565863
fault_LLG_BC,632,1.02168223001808,1.04152936701959,1.01742901120938,1.13253137129831,0.630878227864532,0.629939786352012,0.629939786352012,1.13253137129831,22.0475577667805,0.0391114194402532,NaN
fault_LLG_BC,671,0.992301458514358,1.04349780822289,0.979613858450639,1.21958482794786,0.217915478435074,0.2095439760939,0.2095439760939,1.21958482794786,61.6854455304807,0.123620846671244,NaN
nonlinear_load,634,0.994722299330572,1.02027441402571,0.996355192702135,0.991287354732008,1.01704180938672,0.992884303475293,0.991287354732008,1.01704180938672,0.63098051860952,1.98643117063627,5.11778477482764
nonlinear_load,632,1.02168223001808,1.04152936701959,1.01742901120938,1.02097849249539,1.04117088356649,1.0168071753625,1.0168071753625,1.04117088356649,0.504738807598843,0.787849035943777,NaN
nonlinear_load,671,0.992301458514358,1.04349780822289,0.979613858450639,0.991633242966352,1.04313105601903,0.979029527024004,0.979029527024004,1.04313105601903,1.50838624487994,1.38164547808534,NaN
