scenario,window,Vs_a_pu,Vs_b_pu,Vs_c_pu,Vl_a_pu,Vl_b_pu,Vl_c_pu,Vl_unb_pct,Vl_THD_max_pct,Vinj_a_pu,Vinj_b_pu,Vinj_c_pu,Pinj_mean_kW,Pinj_peak_fault_kW,Einj_fault_kJ
fault_LLLG,before,0.995285659887299,1.02048521061105,0.996862671148696,0.959299529503711,0.990604593641189,0.967673852979986,0.859758081492331,0.0463102708758129,0,0,0,0,223.258621358953,31.2526202870245
fault_LLLG,dvr_on,0.994796924800902,1.0207844047532,0.99609121142732,0.996596834911928,1.00174576133576,1.00169601767343,0.379418428989455,0.00565060597753169,0.0614679282643672,0.0293069848995415,0.0494567567680647,0.321388161601333,223.258621358953,31.2526202870245
fault_LLLG,during_fault,0.594030809053492,0.626792700730747,0.610464990464906,0.995694333948943,1.00286083196277,1.00148954920025,0.363879199499512,0.0399798604795227,0.439008576717617,0.413948305243032,0.421430976214024,155.996583588097,223.258621358953,31.2526202870245
fault_LG_A,before,0.995285659887299,1.02048521061105,0.996862671148696,0.959299529503711,0.990604593641189,0.967673852979986,0.859758081492331,0.0463102708758129,0,0,0,0,102.730924831898,8.38875856705442
fault_LG_A,dvr_on,0.994796924800902,1.0207844047532,0.99609121142732,0.996596834911928,1.00174576133576,1.00169601767343,0.379418428989455,0.00565060597753169,0.0614679282643672,0.0293069848995415,0.0494567567680647,0.321388161601333,102.730924831898,8.38875856705442
fault_LG_A,during_fault,0.597613869076254,1.1116742599736,1.09914362393178,0.99632916977209,1.00315488065587,1.00067728396799,0.669173695137598,0.00800061512863432,0.436112120985908,0.198631765976409,0.109770404045205,41.7814979929834,102.730924831898,8.38875856705442
fault_LL_BC,before,0.99528567610362,1.02048520870867,0.996862657560366,0.959299543211891,0.990604590314639,0.967673840933387,0.859758222547477,0.0463103356147207,0,0,0,0,235.502233693387,14.7071128293048
fault_LL_BC,dvr_on,0.994796942112339,1.02078440236772,0.996091197281899,0.996596834370769,1.0017457600888,1.00169601947055,0.379418581393165,0.00565061338125779,0.0614679229759429,0.0293069667132069,0.0494567731791071,0.321388195059131,235.502233693387,14.7071128293048
fault_LL_BC,during_fault,0.982194156768517,0.727125377481813,0.731922078846855,0.994875342866692,1.00941084137147,0.995717464615095,0.486331616104085,0.0289567262296272,0.0583587560689262,0.40478480478007,0.346652991095866,74.0534033378296,235.502233693387,14.7071128293048
fault_LLG_BC,before,0.995285659887299,1.02048521061105,0.996862671148696,0.959299529503711,0.990604593641189,0.967673852979986,0.859758081492331,0.0463102708758129,0,0,0,0,229.589863368535,15.4099434091596
fault_LLG_BC,dvr_on,0.994796924800902,1.0207844047532,0.99609121142732,0.996596834911928,1.00174576133576,1.00169601767343,0.379418428989455,0.00565060597753169,0.0614679282643672,0.0293069848995415,0.0494567567680647,0.321388161601333,229.589863368535,15.4099434091596
fault_LLG_BC,during_fault,1.10745627520702,0.607807664805859,0.607319385920592,0.995339768805437,1.00569939676102,0.99896974215587,0.40227610021986,0.0311500117310121,0.0863720525218955,0.430753570639167,0.421902838482658,77.5788086317951,229.589863368535,15.4099434091596
